product,similar
завтрак,закуска
абиюч,замороженные новинки
абрикос,чернослив
абрикосовый нектар,апельсиновый сок
авокадо,перец
агава,инжир
агар,спирулина
агутук,усда
айва,яблоко
акула,корюшка
алкогольный бэв,кокосовое молоко
ананас,груша
ананасовый сок,лаймовый сок
английский маффин,крекер
андреа,гамбургер
антилопа,олень
анчови,скумбрия
анчоус,анчови
апельсиновая корка,таро
апельсиново грейпфрутный сок,апельсиновый сок
апельсиновый сок,фруктовый напиток
апельсин,мандарин
арахис,орехи
арахисовая мука,хлопья
арахисовое масло,майонез
арби,гамбургер
арбуз,папайя
аррорут,спирулина
артишок,рыба
асерола,киви
асцид,уортингтон
базилик,колларды
баклажан,капуста
бальзам груша,васаби
бамбуковые побеги,горчичный шпинат
бамия,сельдерей
банан,манго
банановые чипсы,чипсы
банкет,гамбургер
барабан,усда
баранина,телятина
барбара ди,девушки скауты
барбекю,чили
бас,усда
батончик из риса и пшеницы,чипсы
бедро индейки,индейка крыло
бекон,салями
бекон индейки,сосиска
белка,морж
белокопытник,ревень
белуга,кит
бизон,говяжьи ребрышки
бирвурст,ветчина
бифало,баранина
блины,кекс
бобы,горох
бобер,карибу
бойзенберри,ежевика
болонья,соус
бразильский орех,орехи
братвурст,салями
брокколи,брюссельская капуста
бротвурст,лонган
брюква,клубника
брюссельская капуста,брокколи
бублик,английский маффин
бузина,крылатый боб
буйвол,олень
буковые орехи,орехи
булгур,пшеница
бургер кинг,макдоналдс
буррито,чипсы
вакаме,сельдерей
ванильный йогурт,обезжиренный йогурт
ванильный экстракт,сахар
ванс,детская еда
васаби,бальзам груша
вафли,крекер
вег,здоровый запрос
вегетарианское филе,лонган
верба,ива
вермишель,вермишель из сои
вермишель из сои,вермишель
ветчина,сосиска
ветчина из индейки,ветчина
взбитые сливки,пудинг
вино,лаймовый сок
вино безалкогольное,лаймовый сок
виноград,черника
виноградная газировка,газированный бэв
виноградные листья,базилик
виноградный сок,клюквенный сок
виноградный шпинат,горчичный шпинат
виски,алкогольный бэв
вишня,смородина
вода,чай черный
водоросли,редис
вокас,опунции
восточный микс,закуска
вуркестершир,соус
выпечка в тостере,блины
вяленая говядина,колбаса
газированный бэв,чай
газировка,газированный бэв
гамбургер,на границе
гарнир,гамбургер
гвоздика,корица
гиацинт,крылатый боб
гикоринат,орехи
глазурь,спирулина
глутино,конфеты
говядина,свинина
говядина корейка,говяжье филе
говядина стейк,бизон
говядина филе,говядина стейк
говяжий фарш,телятина
говяжье филе,говядина филе
говяжьи ребрышки,говядина корейка
говяжья колбаса,колбаса
голодный человек,пятница
голубая рыба,тунец
голубиный горох,формула бар
голубь,перепелка
горный ям,сквош
горох,бобы
гороховый суп,суп куриный
горчица,чили
горчица зелень,горчичный шпинат
горчичный шпинат,крылатый боб
горячие карманы,лонган
гранат,банан
гранатовый сок,клюквенный сок
гранола,хлопья
грвы,замороженные новинки
гребешок,рыба
грейпфрут,папайя
грейпфрутовый сок,апельсиновый сок
гренки,крекер
грецкие орехи,орехи
гречневая крупа,овсяные отруби
грибы,грибы шиитаке
грибной суп,суп овощной
грибы белые,грибы
грибы лисички,грибы
грибы майтаке,грибы
грибы портабелла,грибы
грибы устрицы,грибы
грибы шиитаке,грибы
грибы эноки,грибы
грудка индейки,индейка
груша,яблоко
грушевый нектар,яблочный сок
гуава,папайя
гуанабанский нектар,лаймовый сок
гумс,эми цуномата
гусь,утка
давить,сквош
датское печенье,кофейный торт
датское тесто,датское печенье
девушки скауты,мюррей
денни,ресторан
десерт,инфо
детская еда,формула бар
детская формула,тоддл
джексона,киблер
джекфрут,банан
джем,конфеты
джимми дин,на границе
джордж уэстон бейкер,эми цуномата
джут,горох
диджорно,домино
дикий рис,пшеница
дип,ресторан
док,таро
домашнее печенье,конфеты
домашняя еда,здоровый запрос
домино,пятница
дрожжи,корица
дуриан,банан
душистый перец,спирулина
дыня,манго
еврейское ухо,креветки
ежевика,черника
енот,баранина
жареница,крекер
жаркое,лонган
жевательная резинка,конфеты
желатин,глазурь
желе,джем
желтохвост,палтус
желтый полосатик,гребешок
желудевая мука,гранола
желуди,гикоринат
животный жир,свинина
жир,масло
жир бараний,свинина
жир говяжий,телятина рулька
жир гусь,утка
жир индейка,утка
жир курица,утка
жир утка,утка
жир тюленя,масло
закуска,усда
замена жидкости,начинки для пирогов
заменители молока,молоко
заменитель яйца,яйцо куриное
замороженный йогурт,обезжиренный йогурт
замороженные новинки,усда
заправка,десерт
заправка для салата,соус
зародыши пшеницы,сельдерей
здоровый запрос,пасе
зеленый лук,кресс
зеленый чай,кока кола
зельц,сосиска
зерно,гречневая крупа
зерно амаранта,семена кунжута
зерно ржи,ржаная мука
зизелис,таро
знаменитый амос,чипсы
ива,верба
иерусалимские артишоки,артишок
изюм,вишня
икра,рыба
имбирный эль,газированный бэв
имбирь,сельдерей
имитация чс,усда
индейка,гусь
индейка бедро,индейка крыло
индейка крыло,гусь
иней,десерт
инжир,манго
инкапарина,напиток
инфо,формула бар
ирландский мох,сельдерей
йогурт,обезжиренный йогурт
йогурт парфе,сливки
йокан,торт
кабан,олень
какао,кофе
какао масло,масло соевое
кактус,листья сладкого картофеля
кале,горчица зелень
кальмар,креветки
камбала,треска
канадский бекон,ветчина
канадский гусь,гусь
канпё,напиток
каперсы,сельдерей
капуста,брокколи
каравай,хлеб
каракатица,осьминог
карамбола,артишок
кардамон,спирулина
кардун,кале
карибу,морской лев
карисса,ревень
карп,форель
карраббас,денни
картофель,сладкий картофель
картофельная мука,чечевица
картофельные блины,конфеты
картофельные слойки,крекер
картофельные чипсы,чипсы
картофельный салат,лонган
картофельный суп,суп томатный
каша,замороженные новинки
каши,ресторан
каштан,орехи гинкго
квашеная капуста,капуста
кедровые орехи,орехи
кекс,торт
келлог,фастфуд
келп,голубиный горох
кельбаса,сосиска
кервель,сельдерей
кета,палтус
кетчуп,томатная паста
кефаль,палтус
кефир,обезжиренный йогурт
кешью,орехи
кешью масло,масло с солью
киблер,мама
кивано,банан
киви,манго
кижум,палтус
киноа,просо
кипрея,сельдерей
кит,тунец
китовий жир,маргарин
клементины,дыня
клиф,детская еда
клубника,клюква
клубничный йогурт,обезжиренный йогурт
клубничный сок,фруктовый напиток
клюква,черника
клюквенно абрикосовый сок,алкогольный бэв
клюквенно виноградный сок,клюквенный сок
клюквенно яблочный сок,клюквенный сок
клюквенный соус,томатная паста
клюквенный сок,лимонад
коза,олень
козлобородник,гиацинт
кока кола,энергетический напиток
кокос,орехи
кокосовое молоко,кофе
коктейль овощный сок,томатный сок
колбаса,сосиски из индейки
колбаса из индейки,сосиска
колбаса из свинины,салями
колбаса новой англии,ветчина
колларды,одуванчик
кольраби,цветная капуста
консервированная дыня,киви
конфеты,торт
копченая колбаса,сосиска
корень лопуха,сельдерей
корень лотоса,фенхель
кориандр,семена тыквы
корица,глазурь
корка пирога,усда
корнсалат,крылатый боб
корюшка,минтай
кофе,какао
кофейный торт,датское печенье
краб,сиг
кракер,креветки
кранчмастер,крекер
крапива,крапива жгучая
крапива жгучая,крапива
красная икра,артишок
крафт,каши
креветки,форель
крекер,торт
крендель,блины
кресс,шпинат
кровяная колбаса,колбаса
кролик,говяжьи ребрышки
круассан,кофейный торт
крустиз,пиллсбери
крыжовник,смородина
крылатый боб,гиацинт
кукуруза,помидор
кукурузная мука,просо
кукурузный крахмал,рис белый
кукурузный хлеб,хлеб
кумкват,мандарин
кунжутная мука,хлопья
кунжутное масло,макароны
куриная голень,курица
куриная грудка,грудка индейки
куриная печень,индейка
куриное сердце,утка
куриные бедра,курица
куриные желудки,утка
куриные крылья,курица
куриные наггетсы,колбаса
куриный бульон,суп куриный
куриный турновер,крекер
курица,индейка
куркума,спирулина
кус кус,рис коричневый
куск,минтай
кустард,тамаринд
кфс,фастфуд
кэмпбелл'с,макдоналдс
лаваш,английский маффин
лавер,таро
лавровый лист,спирулина
лазанья,макароны
лаймовый сок,кока кола
лайм,дыня
лапша,паста
лапша китайская,лапша
лапша яичная,паста
лапша японская,рисовая лапша
латук,шпинат
лебеда,сельдерей
лед,мороженое шоколадное
лиан покетс,денни
ливан,усда
ливервурст,напиток
ливерная колбаса,колбаса
лигкод,морской окунь
лима,фастфуд
лимонад,фруктовый напиток
лимонад апельсин,газированный бэв
лимонграсс,манго
лимонная корка,соус
лимонный сок,фруктовый напиток
лимонный чай,чай с бергамотом
лимон,грейпфрут
линккод,детская формула
листья голени,одуванчик
листья сладкого картофеля,сельдерей
личис,киви
лобстер,краб
логанберриес,малина
лома линда,макдоналдс
ломпл,завтрак
лонган,тако
лягушачьи лапки,телятина
майонез,чили
майоран,кориандр
мак,семена кунжута
мак и чс,детская еда
макароны,спагетти
макдоналдс,кфс
малабарский шпинат,кале
маленький цезарь,пятница
малина,черника
мама,киблер
мамалыга,фасоль
мамми яблоко,дыня
манго,персик
мангольд,одуванчик
мангустин,рыба
мандарин,хурма
мандариновый сок,апельсиновый сок
маниока,фенхель
манная крупа,пшеница
маракуйя,манго
маракуйя сок,цикорий
марашинская вишня,клюква
маргарин,растительное масло
маринованный вкус,гамбургер
мармелад,джем
марта уайт,келлог
масе,формула бар
масло сливочное,маргарин
масло абрикосовое,масло соевое
масло авокадо,масло соевое
масло без соли,масло с солью
масло виноградное,масло
масло горчичное,масло соевое
масло грецкий орех,масло соевое
масло зародышей пшеницы,масло
масло канола,масло соевое
масло китовое,китовий жир
масло кокосовое,масло
масло кукурузное,масло
масло кунжутное,масло соевое
масло льняное,маргарин
масло маковое,масло соевое
масло миндальное,масло
масло моржовое,китовий жир
масло овсяное,масло кукурузное
масло оливковое,масло растительное
масло пальмовое,масло
масло подсолнечное,масло
масло растительное,масло спред
масло с солью,масло
масло соевое,масло
масло спред,масло растительное
масло томатное,масло соевое
масло фундук,масло
масляная рыба,палтус
матель,голубиный горох
маффин,торт
махимахи,рыба волк
машу корни,замороженные новинки
медведь,баранина
медуза,треска
межгосударственная корпорация брендов,перечная ферма
мидии,моллюски
миндаль,орехи
миндальная паста,горчица
миндальное масло,масло с солью
миндальное молоко,чай черный
минтай,треска
мисо,спирулина
миссия продукты,джордж уэстон бейкер
мозг,баранина
моллюски,кит
молоко,молоко сухое
молоко буйволиц,молоко
молоко имитация,молоко
молоко козье,молоко шоколадное
молоко обезжиренное,молоко
молоко овечье,молоко
молоко сухое,молоко
молоко человеческое,молоко
молоко шоколадное,молоко
молочная карамель,конфеты
молочная рыба,палтус
молочные шейки,молоко
морж,тюлень
мори ну,ванс
морковный сок,томатный сок
морковь,перец
мороженое,лед
мороженое шоколадное,мороженое ванильное
мороженое ванильное,мороженое шоколадное
мороженое клубничное,мороженое ванильное
морошка,смородина
морская капуста,репа
морская соль,желатин
морская щука,морской окунь
морское ушко,желтый полосатик
морской лев,тюлень
морской огурец,оливки
морской окунь,палтус
морской черт,треска
мортаделла,сыр
мука из аррорунта,рис белый
мука нутовая,нут
мука пшеничная,просо
мука рожкового дерева,хлопья
мунг,горох
мускатное масло,масло кокосовое
мускатный орех,орехи пекан
мушмула,дыня
мышиные орехи,каштан
мюррей,девушки скауты
мякоть наранхильи,сквош
мясной турновер,пирог
мясо дичи,антилопа
мята,шалфей
мята перечная,мята
мёд,чили
на границе,соус
набиско,детская еда
налим,минтай
напиток,завтрак
чай,кока кола
шоколадный сироп,кофе
тропический напиток,чай
натто,птица
начинки для пирогов,усда
нектар гуавы,овощной сок
нектар тамаринда,яблочный сок
нектарин,абрикос
нерка,скумбрия
новозеландский шпинат,кале
нут,фасоль
нэнс,сквош
обед,напиток
обезжиренный йогурт,сметана
общие мельницы,набиско
овес,овсяные отруби
овощи,сквош
овощной смузи,фруктовый смузи
овощной сок,томатный сок
овсяные отруби,пшеница
огелоберии,ягода
огурец,морковь
одуванчик,колларды
окара,матель
океанский окунь,треска
окунь,щука
олень,кролик
оливки,салат
омар,краб
ондатра,баранина
опоссум,кролик
опунции,замороженные новинки
орегано,корица
орехи,кешью
орехи гинкго,каштан
орехи кешью,орехи
орехи макадамии,орехи
орехи пекан,орехи
осетр,скумбрия
оскар майер,мама
остин,девушки скауты
осьминог,моллюски
открытый пирог,блины
оши,детская еда
палтус,треска
пальмовое масло,масло
панировочные сухари,блины
папа джонс,фастфуд
папад,напиток
папайя,арбуз
папайя нектар,апельсиновый сок
папоротник,базилик
пармезан,сыр чеддер
пасе,здоровый запрос
паста,рисовая лапша
пастернак,гиацинт
пастрами,бекон
патока,конфеты
патэ,паштет
паштет,патэ
пектин,сахар
пельмени,колбаса
пепеао,голубиный горох
пеперони,оливки
перекус,закуска
перепелка,голубь
перец,морковь
перец красный,корица
перец черный,корица
перечная ферма,каши
персик,киви
пиллсбери,ванс
пирог,торт
пирог банановый,кофейный торт
пирог ванильный,пирог банановый
пирог вишневый,пирог
пирог кокосовый,кофейный торт
пирог кремовый,кофейный торт
пирог персиковый,пирог
пирог с индейкой,крекер
пирог тыквенный,крекер
пирог черничный,пирог
пирог шоколадный,кофейный торт
питательная добавка,напиток
пицца,усда
плитная рыба,палтус
подсластитель,пектин
подсолнечник,сельдерей
подсолнечное масло,масло с солью
пои,таро
покберри,таро
полба,пшеница
польская колбаса,сосиска
помело,манго
помидор,тыква
помпано,палтус
пончик,датское печенье
попкорн,крекер
порошок карри,спирулина
портулак,фенхель
потстикер,птица
поут,гамбургер
прего паста,паста
прерийская репа,картофель
претцели,крендель
присос,усда
присоска,сосука
просо,гречневая крупа
протеин,глазурь
протеиновое молоко,шоколадный коктейль
птица,усда
пудинг,обезжиренный йогурт
путасу,треска
пшеница,кукурузная мука
пшеничная мука,пшеница
пшеничные отруби,хлопья
пшеничный глютен,разрыхлитель
пятница,денни
равиоли,сосиски из индейки
рагу,лонган
радиккио,репа
разрыхлитель,спирулина
рак,краб
раковина,сиг
рамбутан,груша
растительное масло,маргарин
ревень,сельдерей
редди,усда
редис,тыква
реннин,десерт
репа,свекла
рест,на границе
ресторан,кфс
рефриед,гамбургер
ржаная мука,овсяные отруби
рис,рис коричневый
рис белый,рис коричневый
рис коричневый,гречневая крупа
рисовая лапша,лапша китайская
рисовая мука,рис коричневый
рисовая смесь,гранола
рисовая чаша с цыпленком,чипсы
рисовое молоко,чай черный
рисовые крекеры,крекер
рисовые лепешки,крекер
рисовые отруби,хлопья
рисовый батончик,пирог
рисовый пирог,попкорн
рогоз,гиацинт
розель,таро
розмарин,спирулина
розовые яблоки,дыня
роллы,тортилья
рубиновый,соус
руди,ванс
руккола,сельдерей
рулет из куриной грудки,братвурст
рыба,икра
рыба волк,тунец
рыба черт,моллюски
рыба меч,палтус
рыбий жир,скумбрия
рыбный бульон,суп куриный
рябина,вишня
рябчик,индейка крыло
сабвей,фастфуд
салат,кукуруза
сало,колбаса
салями,сосиска
саншайн,киблер
саподилла,банан
сапоте,папайя
сардины,рыба
сафлора,таро
сахар,подсластитель
свекла,тыква
свиная колбаса,свинина вяленая
свиная корейка,свинина корейка
свиная шкура,свинина
свинина,свиная колбаса
свинина вырезка,свинина корейка
свинина вяленая,свинина
свинина грудка,свиные ноги
свинина желудок,карибу
свинина жир,свиная колбаса
свинина корейка,свинина вяленая
свинина легкие,баранина
свинина мозг,баранина
свиные ноги,свинина корейка
свинина печень,баранина
свинина поджелудочная железа,баранина
свиные почки,баранина
свиные ребрышки,телятина рулька
свинина с перцем,салями
свинина селезнка,баранина
свинина сердце,карибу
свиные уши,свиные ноги
свинина филейка,свиные ноги
свинина хвост,телятина рулька
свинина челюсть,свинина грудка
свинина язык,баранина
свининой фарш,телятина рулька
свонсон,пасе
сельдерей,спаржа
сельдь,кит
семена,зерно амаранта
семена аниса,зерно амаранта
семена конопли,семена кунжута
семена кунжута,зерно амаранта
семена лотоса,зерно амаранта
семена люцерны,кориандр
семена редиса,зерно амаранта
семена тыквы,семена кунжута
семена укропа,зерно амаранта
семена чиа,семена кунжута
семечки,семена кунжута
семя кориандра,зерно амаранта
семя пажитника,зерно амаранта
семян тмина,кориандр
сердечки,баранина
сердца из пальмы,редис
сесбания цветок,горчичный шпинат
сиг,скумбрия
сидр,яблочное пиво
синяя рыба,тунец
сироп,мёд
сисимбриум,напиток
сифорель,бас
сквош,соус
скн,усда
скумбрия,тунец
скуп,бас
сладкий картофель,морковь
сладкие роллы,тортилья
сладкий хлеб,кукурузный хлеб
слива,морковь
сливки,сметана
сливовый сок,яблочное пиво
слоеное тесто,крекер
слойки с сыром,крекер
смесь для пасты,напиток
смесь орехов,орехи
смесь приправ,разрыхлитель
смесь рис и вермишель,хлопья
сметана,сливки
смородина,вишня
сморчки,грибы
смузи,чай черный
соболь,чинук
сова,утка
соевая мука,соевые бобы
соевое молоко,молоко
соевые бобы,нут
сок,клюквенный сок
сок алоэ вера,кока кола
сок ацеролы,цикорий
соленые огурцы,огурец
солнечная рыба,щука
солод бев,мунг
солонина,тако
солсбер,сосиска
соль,разрыхлитель
сом,палтус
сосиска,салями
сосиски из индейки,колбаса
сосука,присоска
соус,гамбургер
соус барбекю,томатная паста
соус белый,майонез
соус из гуавы,томатная паста
соус песто,чили
соус сальса,томатная паста
соус тар тар,чили
соус терияки,чили
соус чили,томатная паста
соя,соевые бобы
спагетти,лапша
спаржа,латук
специи,напиток
спиртные напитки,чай с бергамотом
спирулина,подсластитель
спот,бас
спрайт,газированный бэв
спред,маргарин
срми,гамбургер
сталоголовая форель,форель
стейк из говядины,говяжьи ребрышки
страус,эму
стрелка,моллюски
суккоташ,бобы
суп,гамбургер
суп индейка,суп куриный
суп куриный,суп овощной
суп овощной,суп индейка
суп с устрицами,суп куриный
суп томатный,суп куриный
сурими,гамбургер
суринамская вишня,дыня
сыворотка,сливки
сыр,сливки
сыр американский,сырный продукт
сыр белый,сыр чеддер
сыр бри,сыр чеддер
сыр гауда,сыр мексиканский
сыр грюйер,сыр чеддер
сыр камамбер,сыр моцарелла
сыр козий,сыр пармезан
сыр колби,сыр мексиканский
сыр лимбургер,сыр чеддер
сыр мексиканский,сыр моцарелла
сыр монтерей,сыр мексиканский
сыр моцарелла,сыр чеддер
сыр мюнстер,сыр моцарелла
сыр нейфшатель,сыр сливочный
сыр пармезан,сыр мексиканский
сыр пименто,сыр швейцарский
сыр порт де салю,сыр мексиканский
сыр проволоне,сыр моцарелла
сыр рикотта,сыр чеддер
сыр рокфор,сыр чеддер
сыр синий,сыр моцарелла
сыр сливочный,сыр чеддер
сыр творожный,сыр чеддер
сыр тильзит,сыр чеддер
сыр тмин,сыр чеддер
сыр фета,сыр моцарелла
сыр фонтина,сыр мексиканский
сыр чеддер,сыр моцарелла
сыр чеширский,сыр чеддер
сыр швейцарский,сыр чеддер
сыр эдам,сыр мексиканский
сырный продукт,сыр чеддер
сырный турновер,турновер
сэндвич,маринованный вкус
такитос,тако
тако,чипсы
тамалес,чипсы
тамаринд,манго
тапиока,сахар
таро,опунции
телятина,телятина ножка
телятина грудка,телятина рулька
телятина задняя часть,телячьи ребрышки
телятина корейка,телятина филейка
телятина легкие,баранина
телятина мозг,баранина
телятина ножка,телятина
телятина передняя часть,телячьи ребрышки
телятина печень,говядина
телятина поджелудочная железа,баранина
телячьи почки,баранина
телятина ребра,телятина филейка
телячьи ребрышки,телятина
телятина рулька,свинина
телятина селезенка,баранина
телятина сердце,баранина
телятина фарш,бизон
телятина филейка,телятина грудка
телятина язык,баранина
темпур,спирулина
теннис хлеб,хлеб для тенниса
тесто,блины
тесто филло,блины
тилапия,морской окунь
тимьян,спирулина
тку,суп
тмин,кориандр
тоддл,детская формула
томат,помидор
томатная паста,чили
томатный порошок,томатная паста
томатный сок,грейпфрутовый сок
топпинг,закуска
топпинг ананас,сироп
топпинг карамель,сироп
топпинг клубника,сироп
топпинг маршмеллоу,сироп
топпинг орехи,васаби
торт,конфеты
торт белый,кофейный торт
торт вишневый,пирог
торт желтый,конфеты
торт имбирный,торт
торт пудинг,торт
торт с печеньем,кофейный торт
торт с пряниками,кекс
торт фруктовый,торт
торт шоколадный,торт желтый
тортилья,роллы
тостада,тортилья
тофу,сыр моцарелла
травяной чай,клюквенный сок
треска,минтай
тритикале,гиацинт
тропический сок,овощной сок
тстр,закуска
тунец,моллюски
турновер,сырный турновер
тушеная говядина,свинина
тушеная свинина,чипсы
тыква,морковь
тыквенные листья,листья голени
тыквенный пирог,блины
тэфф,птица
тюлень,карибу
тюрингер,детская еда
угорь,тунец
ужин,десерт
укроп,мята
уксус,уксус сидр
уксус бальзамический,сироп
уксус дистиллированный,майонез
уксус красное вино,майонез
уксус сидр,уксус
улитка,осьминог
умный суп,гороховый суп
уортингтон,обед
упс,эми цуномата
усда,гамбургер
устрица,краб
утка,курица
утренняя звезда,каши
уха,грибной суп
фазан,голубь
фалафель,чеснок
фарш индейки,голубь
фасоль,чечевица
фастфуд,ресторан
фейхоа,манго
фенхель,сельдерей
фефильтефиш,тако
фиг,инжир
финики,вишня
фисташки,орехи
фокачча,хлеб пшеничный
форель,скумбрия
формула бар,напиток
французский тост,блины
фрижолес,гамбургер
фрикадельки,колбаса
фруктовая кожа,закуска
фруктовые масла,маргарин
фруктовый йогурт,обезжиренный йогурт
фруктовый коктейль,фруктовый смузи
фруктовый напиток,кока кола
фруктовый салат,лонган
фруктовый сироп,кокосовое молоко
фруктовый смузи,апельсиновый сок
фундук,орехи
хайнц,каши
хаш папиес,крекер
хитон,сиг
хлеб,хлеб пшеничный
хлеб без глютена,хлеб
хлеб белый,хлебная смесь
хлеб венский,хлеб пшеничный
хлеб для пикника,хлеб
хлеб для тенниса,теннис хлеб
хлеб из солоннины,хлеб
хлеб ирландский,хлеб
хлеб итальянский,хлеб пшеничный
хлеб красный,хлеб пшеничный
хлеб овсяный,хлеб пшеничный
хлеб пшеничный,хлеб
хлеб ржаной,кукурузный хлеб
хлеб рисовый,хлеб пшеничный
хлеб с изюмом,хлеб пшеничный
хлеб французский,хлеб пшеничный
хлеб цельнозерновой,хлеб пшеничный
хлебная смесь,кукурузный хлеб
хлебное дерево,хлеб
хлебные палочки,хлеб пшеничный
хлопковая мука,соевые бобы
хлопья,гранола
хормель,кфс
хрен,горчица
хризантема,сельдерей
хумус,тортилья
хурма,папайя
цвебак,шпинат
цветная капуста,брокколи
цветы тыквы,кале
цесарка,голубь
цикорий,маракуйя сок
циско,бас
цукаты,яблоко
цыпленок,утка
цыпленок гриль,индейка
чабарь,птица
чабер,шалфей
чай каркаде,яблочный сок
чай с бергамотом,какао
чай улун,чай
чай черный,вода
чайот,дыня
чашка для риса,суп
черепаха,говядина
черешня,вишня
черимойя,банан
черная рыба,сиг
черника,ежевика
черничная маффинная смесь,пшеница
черновое пюре,соус
чернослив,абрикос
чеснок,картофель
чечевица,мунг
чи форму,инфо
чизерфер,лонган
чизкейк,пирог
чили,томатная паста
чильчен,чай с бергамотом
чинук,говядина
чипсы,сладкие роллы
чоризо,салями
шад,сыр
шалфей,базилик
шар,набиско
шафран,спирулина
шелк,гиацинт
шелковица,горох
шербет,пирог
шероховатый,усда
шиповник,брюква
шипхед,бас
шифф,формула бар
школьный обед,пицца
шоколад,крекер
шоколад для выпечки,шоколад
шоколадная выпечка,конфеты
шоколадный йогурт,обезжиренный йогурт
шоколадный коктейль,лимонад
шортенинг,усда
шпильные гайки,формула бар
шпинат,кресс
штрудель,торт
щейк,усда
щука,треска
эдамам,фасоль
экстракт ванили,сахар
эми цуномата,соус
эму,утка
эндивий,латук
энергетический напиток,кока кола
эпазоте,базилик
эпаргон,формула бар
эппав,крылатый боб
эскароле,латук
яблоко,абрикос
яблочное пиво,кофе
яблочный сок,фруктовый напиток
яблочный соус,сироп
ява слива,яблоко
ягненок,говядина
ягода,огелоберии
ягоды годжи,вишня
яичный напиток,шоколадный сироп
яичный турновер,рисовый батончик
яичный хлеб,хлеб
яйцо куриное,заменитель яйца
яйцо гусиное,яйцо куриное
яйцо индейка,яйцо куриное
яйцо перелиное,яйцо куриное
яйцо утиное,яйцо куриное
ямбин,сквош
ямс,картофель
ярдлонг,шалфей
яутия,сквош
яхтверст,обед
ячменная мука,ячмень
ячменный солод,пшеница
ячмень,пшеница
творог,сливки
